,sensi,MVA,BEL,RM,DTL,OF,dividend,SCR,SR
0,30/06/2022,4541950180.0,4121875260.0,68691220.0,31461510.0,238688500.0,0.0,133825390.77714127,1.7835815656050407
1,IR,4535752548.709015,4112482351.799449,67376162.67291473,32586387.358620808,242073956.87803036,0.0,132700513.41852047,1.8242126623471306
2,CS,4538768160.626706,4112482351.799449,67376162.67291473,33338480.970893,244337475.1834494,0.0,131948419.80624828,1.851765072611192
3,VA,4538768160.626706,4115158987.544889,67376162.67291473,32670928.015980262,242328392.3929221,0.0,132615972.76116101,1.8272941588216616
4,SA,4538768160.626706,4115158987.544889,67376162.67291473,32670928.015980262,242328392.3929221,0.0,132615972.76116101,1.8272941588216616
5,INFL,4538768160.626706,4116166753.3073177,67376162.67291473,32419591.23483053,241571963.4116431,0.0,132867309.54231074,1.8181444649085488
6,AuM_UL,4538768160.626706,4119571028.9219875,66696385.85325775,31740101.23535433,239526954.61610645,0.0,131283016.90736726,1.8245083047193809
7,AuM_AZFR,4538768160.626706,4138007860.8976417,61672376.6884342,28394943.226333186,229459289.81429702,0.0,126172393.99136607,1.8186172311987583
